epoch,train_loss,train_dice,train_iou,val_loss,val_dice,val_iou,lr
1,1.8495279134706009,0.017293475461546286,0.008874803742444488,1.8248966336250305,0.008711835042049643,0.004409091568959411,0.0001
2,1.7832559236260348,0.018243288811025403,0.009371399955466559,1.7532973289489746,0.01062357539194636,0.005395828138716752,0.0001
3,1.7284867514011473,0.018894578415649208,0.009739911583872747,1.7139931470155716,0.009757549829373602,0.004950024969730293,0.0001
